driver_id,session_id,split,s_path,v_path,s_sha256,v_sha256,status
D,D_Y1,test,E:\VectorShift\data_cleaning\Synchronised V abd S datasets\Categorised IOVNB Dataset\Y (Driver D)\Y1\S-Y1.csv,E:\VectorShift\data_cleaning\Synchronised V abd S datasets\Categorised IOVNB Dataset\Y (Driver D)\Y1\V-Y1.csv,cf17b89f6eec6872de2412f8a17a82ab9821a881c20cbcadc23d867d9e1dde84,505749fb081d5a2b0d5e8eeee5865173071feda5a004ffff044560c0a1e16605,pending
A,A_S1,train,E:\VectorShift\data_cleaning\Synchronised V abd S datasets\Categorised IOVNB Dataset\S (Driver A)\S1\S-S1.csv,E:\VectorShift\data_cleaning\Synchronised V abd S datasets\Categorised IOVNB Dataset\S (Driver A)\S1\V-S1.csv,e79a2eea18143b825438f9a11c7d724a97c9e18329776defd4d9291d03d4aaca,29e92ed9bcb2d711e651246675c435b3f9499c040cfcad367624e8720c0dc891,pending
A,A_S2,train,E:\VectorShift\data_cleaning\Synchronised V abd S datasets\Categorised IOVNB Dataset\S (Driver A)\S2\S-S2.csv,E:\VectorShift\data_cleaning\Synchronised V abd S datasets\Categorised IOVNB Dataset\S (Driver A)\S2\V-S2.csv,8f48d68ef4ab225c8381af6fb8ec0f36fe6f6048977eeebecc74cfec50d13cb8,0514c4dd38fe24dd7e196ee206b880f4ccd984a255b80e6de984839bce40952c,pending
A,A_S3a,train,E:\VectorShift\data_cleaning\Synchronised V abd S datasets\Categorised IOVNB Dataset\S (Driver A)\S3a\S-S3a.csv,E:\VectorShift\data_cleaning\Synchronised V abd S datasets\Categorised IOVNB Dataset\S (Driver A)\S3a\V-S3a.csv,b9e45dc8d856271f0a69030b7dd98f32c6b6b88b627138d67e8d3a1b7c5329fe,1cac1c8045c4f85423f01425881dd7e6814ae167100590c988a5ef141eb9e73f,pending
A,A_S3b,train,E:\VectorShift\data_cleaning\Synchronised V abd S datasets\Categorised IOVNB Dataset\S (Driver A)\S3b\S-S3b.csv,E:\VectorShift\data_cleaning\Synchronised V abd S datasets\Categorised IOVNB Dataset\S (Driver A)\S3b\V-S3b.csv,19447009a96bd80bb896f3a728283ae2990d94b4cf1ed37f69866ed78ca36901,d44d29d46b7c46c574cdc90d5633cc90ac1b9cee57fb7f6b90d865aecc14ff64,pending
A,A_S3c,train,E:\VectorShift\data_cleaning\Synchronised V abd S datasets\Categorised IOVNB Dataset\S (Driver A)\S3c\S-S3c.csv,E:\VectorShift\data_cleaning\Synchronised V abd S datasets\Categorised IOVNB Dataset\S (Driver A)\S3c\V-S3c.csv,b87fa6978d7d50087ca63bfee5230692013485aaccef5474dbc847a9c1498739,d7a98f02899d331265eb0b892e44d343892ad6ec9dcb1e90ce6c6f80b264c0f3,pending
A,A_S4,train,E:\VectorShift\data_cleaning\Synchronised V abd S datasets\Categorised IOVNB Dataset\S (Driver A)\S4\S-S4.csv,E:\VectorShift\data_cleaning\Synchronised V abd S datasets\Categorised IOVNB Dataset\S (Driver A)\S4\V-S4.csv,a2bb1e1eb28d111f84963240c54b790f32366f6c5b09dff1713770b52d3f5616,8a83103ce0f0b03ffc5adc772193c6738d1df3ac8f0fb4bab055597ac5bcd2c2,pending
E,E_Vfa01,train,E:\VectorShift\data_cleaning\Synchronised V abd S datasets\Categorised IOVNB Dataset\Vf (Driver E)\V-Vfa01\S-Vfa01.csv,E:\VectorShift\data_cleaning\Synchronised V abd S datasets\Categorised IOVNB Dataset\Vf (Driver E)\V-Vfa01\V-Vfa01.csv,7f46f770cd49c85185446420bc10db9e7a9ffe4aa190e3b1cc1111220eab04b2,81ad22765340419e1ea88e69e2a92dc38c260f244c5aeb951c88fb668908ad37,pending
E,E_Vfa02,train,E:\VectorShift\data_cleaning\Synchronised V abd S datasets\Categorised IOVNB Dataset\Vf (Driver E)\V-Vfa02\S-Vfa02.csv,E:\VectorShift\data_cleaning\Synchronised V abd S datasets\Categorised IOVNB Dataset\Vf (Driver E)\V-Vfa02\V-Vfa02.csv,ec666af90866254a55578f4e9371860b64602cad0694b02defcc56eec5d85a44,bce837348c306ba343b36f2d44878f0ac1e68ada3c2852bba50056749f40ca7d,pending
E,E_Vta10,train,E:\VectorShift\data_cleaning\Synchronised V abd S datasets\Categorised IOVNB Dataset\Vta (Driver E)\Vta10\S-Vta10.csv,E:\VectorShift\data_cleaning\Synchronised V abd S datasets\Categorised IOVNB Dataset\Vta (Driver E)\Vta10\V-vta10.csv,212ba000dbad28b3375cb0e6a3b205a0415be2f3248ecff35e0c3db0089cf0a7,6f9911ce3037bf56e8c56b52dd5a87aa70088fe645daed359a5e69578a319834,pending
E,E_Vta11,train,E:\VectorShift\data_cleaning\Synchronised V abd S datasets\Categorised IOVNB Dataset\Vta (Driver E)\Vta11\S-Vta11.csv,E:\VectorShift\data_cleaning\Synchronised V abd S datasets\Categorised IOVNB Dataset\Vta (Driver E)\Vta11\V-vta11.csv,af147288035d510dc6b315959b7b36dc63d5b327d57c8a9578bc573c18734128,e9d6bf8959e32ea8ab098741a11de015d64d00c1a326c3c175916d5b678a7083,pending
E,E_Vta12,train,E:\VectorShift\data_cleaning\Synchronised V abd S datasets\Categorised IOVNB Dataset\Vta (Driver E)\Vta12\S-Vta12.csv,E:\VectorShift\data_cleaning\Synchronised V abd S datasets\Categorised IOVNB Dataset\Vta (Driver E)\Vta12\V-vta12.csv,9dc5cfe05e00e91feb1f6bf45e19e2c152567776bc6507bfaf037ffa63cd8662,21c4f30690769a052de0f97125d4c0e455e7fc527bd8d3e98e34e8bfb2bee81b,pending
E,E_Vta13,train,E:\VectorShift\data_cleaning\Synchronised V abd S datasets\Categorised IOVNB Dataset\Vta (Driver E)\Vta13\S-Vta13.csv,E:\VectorShift\data_cleaning\Synchronised V abd S datasets\Categorised IOVNB Dataset\Vta (Driver E)\Vta13\V-vta13.csv,b4a8f30e4fa8c1399c9c4d58a8220305d233e99789f2997e47be9dbb2dfa1eb0,398df644de6920ef827742a99166cf05c5728f4dddf1379b993123c62419677b,pending
E,E_Vta14,train,E:\VectorShift\data_cleaning\Synchronised V abd S datasets\Categorised IOVNB Dataset\Vta (Driver E)\Vta14\S-Vta14.csv,E:\VectorShift\data_cleaning\Synchronised V abd S datasets\Categorised IOVNB Dataset\Vta (Driver E)\Vta14\V-vta14.csv,49535f49178bb6c542a62fe57747adc19164fbf3a4a7b0afee19d5cc2bee6894,ddd26e084b97fe661ae6e783efbdbc5f45add9e5288cf7800370577ff2bc2b08,pending
E,E_Vta15,train,E:\VectorShift\data_cleaning\Synchronised V abd S datasets\Categorised IOVNB Dataset\Vta (Driver E)\Vta15\S-Vta15.csv,E:\VectorShift\data_cleaning\Synchronised V abd S datasets\Categorised IOVNB Dataset\Vta (Driver E)\Vta15\V-vta15.csv,9404fbd7420b32f5ca6f369e8a1377bbf854b5b6e3ee38a137c67bf73db5d7f7,313565b6b7a44f7e80939527063b87519c0f5bc1937fa84683585e4287076100,pending
E,E_Vta16,train,E:\VectorShift\data_cleaning\Synchronised V abd S datasets\Categorised IOVNB Dataset\Vta (Driver E)\Vta16\S-Vta16.csv,E:\VectorShift\data_cleaning\Synchronised V abd S datasets\Categorised IOVNB Dataset\Vta (Driver E)\Vta16\V-vta16.csv,efef0aa0fae9e4cc0a40a85335a013fccb96797175819d46d97dfb13a854ce02,07cc3f87b51c3e68cdf517cb296e68bf0d17f49230baa724bbe96736af2c9da3,pending
E,E_Vta17,train,E:\VectorShift\data_cleaning\Synchronised V abd S datasets\Categorised IOVNB Dataset\Vta (Driver E)\Vta17\S-Vta17.csv,E:\VectorShift\data_cleaning\Synchronised V abd S datasets\Categorised IOVNB Dataset\Vta (Driver E)\Vta17\V-vta17.csv,d918e507f6cf2b0c38004a61e90211e0c43c0a69fe268b468bb0471d80b439ab,21dbfe17ff301ac645e0a2be39fd45d9da758d087ccf9e95875b90225a193781,pending
E,E_Vta19,train,E:\VectorShift\data_cleaning\Synchronised V abd S datasets\Categorised IOVNB Dataset\Vta (Driver E)\Vta19\S-Vta19.csv,E:\VectorShift\data_cleaning\Synchronised V abd S datasets\Categorised IOVNB Dataset\Vta (Driver E)\Vta19\V-vta19.csv,695cf51819c0f0f8b7894df11af667ab2e819bfff991330ceb8d4a3492a22428,e5e7fb443b7a92a20ca13cae51d51a73330edda63786f1f7fb37b27aa45d80bc,pending
E,E_Vta1a,train,E:\VectorShift\data_cleaning\Synchronised V abd S datasets\Categorised IOVNB Dataset\Vta (Driver E)\Vta01a\S-Vta1a.csv,E:\VectorShift\data_cleaning\Synchronised V abd S datasets\Categorised IOVNB Dataset\Vta (Driver E)\Vta01a\V-Vta1a.csv,19b9d26888e58c71e28ca6de34dd423e9a779a29b1cf0976d3b2f4f7dac56601,9522a6f43094ef5de4cfad4bb48a7805c8f470eee3b481564f5cacef28e2afec,pending
E,E_Vta1b,train,E:\VectorShift\data_cleaning\Synchronised V abd S datasets\Categorised IOVNB Dataset\Vta (Driver E)\Vta01b\S-Vta1b.csv,E:\VectorShift\data_cleaning\Synchronised V abd S datasets\Categorised IOVNB Dataset\Vta (Driver E)\Vta01b\V-Vta1b.csv,aca49109fc93729d942d13e2008699ac4471fcffae38396127fffaecbe42d5d7,35b4e74bd1597d9f82895c3451dbe71a2d4084a3718cbdf8ea7fbb04f206db94,pending
E,E_Vta2,train,E:\VectorShift\data_cleaning\Synchronised V abd S datasets\Categorised IOVNB Dataset\Vta (Driver E)\Vta02\S-Vta2.csv,E:\VectorShift\data_cleaning\Synchronised V abd S datasets\Categorised IOVNB Dataset\Vta (Driver E)\Vta02\V-vta2.csv,97ef388d6e5cc3ce17ae3d56d69c77052e5d51a6234176eb95a5e4de6cec7fe5,e7d255100464c70212aa0129e558b7a48d59d606041c8ce2e160e881f9b151e2,pending
E,E_Vta20,train,E:\VectorShift\data_cleaning\Synchronised V abd S datasets\Categorised IOVNB Dataset\Vta (Driver E)\Vta20\S-Vta20.csv,E:\VectorShift\data_cleaning\Synchronised V abd S datasets\Categorised IOVNB Dataset\Vta (Driver E)\Vta20\V-vta20.csv,82c7e730c3aefbc0bbdc6fc9b9d3d6c20071e392bbdf34b78736f54e99632260,a5e1f1e6afba77c64cc0a16f389d859f75ea22196cdfca82a523e148c0eafd93,pending
E,E_Vta21,train,E:\VectorShift\data_cleaning\Synchronised V abd S datasets\Categorised IOVNB Dataset\Vta (Driver E)\Vta21\S-Vta21.csv,E:\VectorShift\data_cleaning\Synchronised V abd S datasets\Categorised IOVNB Dataset\Vta (Driver E)\Vta21\V-vta21.csv,f22951b5bc4fed96a34f9affcb7c1c7118a4461ba8f3c22d910398a5f44d248c,82687cefc4799459174ad6f7411fdea28250146d29144ed210c4188aad0999f4,pending
E,E_Vta22,train,E:\VectorShift\data_cleaning\Synchronised V abd S datasets\Categorised IOVNB Dataset\Vta (Driver E)\Vta22\S-Vta22.csv,E:\VectorShift\data_cleaning\Synchronised V abd S datasets\Categorised IOVNB Dataset\Vta (Driver E)\Vta22\V-vta22.csv,9291970633a370e9f89e966b1790193f80ccce7b4c32a162ac2eed0a1a2b4a82,ddd4bb7ffd3aaf080e55c61c4ea5f92388b255fb65405188fa0932cc0dcfcf5c,pending
E,E_Vta23,train,E:\VectorShift\data_cleaning\Synchronised V abd S datasets\Categorised IOVNB Dataset\Vta (Driver E)\Vta23\S-Vta23.csv,E:\VectorShift\data_cleaning\Synchronised V abd S datasets\Categorised IOVNB Dataset\Vta (Driver E)\Vta23\V-vta23.csv,c5f9f4161bd33ec880d4cabab48189a02db647f86315860dd21bb48f5764cd75,8b3508e408d88064cea06fe861879d79c92e368abf43706b87b7cce9ace42d8d,pending
E,E_Vta24,train,E:\VectorShift\data_cleaning\Synchronised V abd S datasets\Categorised IOVNB Dataset\Vta (Driver E)\Vta24\S-Vta24.csv,E:\VectorShift\data_cleaning\Synchronised V abd S datasets\Categorised IOVNB Dataset\Vta (Driver E)\Vta24\V-vta24.csv,ae6059b51b52fd216c38f4f9f26893207fec80e5a9c75991a51c709b1766f8ce,db3726bc5e11c73f1623ff74da229726d014e04a4dbf5ded403906f23ed8f3e5,pending
E,E_Vta25,train,E:\VectorShift\data_cleaning\Synchronised V abd S datasets\Categorised IOVNB Dataset\Vta (Driver E)\Vta25\S-Vta25.csv,E:\VectorShift\data_cleaning\Synchronised V abd S datasets\Categorised IOVNB Dataset\Vta (Driver E)\Vta25\V-vta25.csv,9ff0c54126af8ccb8bd2707f2cb01505b87d823b74898a55999c312ae3ac69a1,4241b50add001a19bab00fa0e165b88fd2280f74fcbae46539c6f8bcc893f79a,pending
E,E_Vta26,train,E:\VectorShift\data_cleaning\Synchronised V abd S datasets\Categorised IOVNB Dataset\Vta (Driver E)\Vta26\S-Vta26.csv,E:\VectorShift\data_cleaning\Synchronised V abd S datasets\Categorised IOVNB Dataset\Vta (Driver E)\Vta26\V-vta26.csv,d2d0de4a8ff2793825af978523c888e3579c788c98db13542b19f429288bf4d9,e1067b6fd8561c4fd7b851f387c6a43df2c6fcd088f0552a321db210a4d05e09,pending
E,E_Vta27,train,E:\VectorShift\data_cleaning\Synchronised V abd S datasets\Categorised IOVNB Dataset\Vta (Driver E)\Vta27\S-Vta27.csv,E:\VectorShift\data_cleaning\Synchronised V abd S datasets\Categorised IOVNB Dataset\Vta (Driver E)\Vta27\V-vta27.csv,9607f8bbfcb7e92021b113e0971be3f8fec50267d9a4abae875d1062ab10d6d6,766e63d6975426dcee66bb9b100daf6291240da1d65b4b1db851d4fd40e334c7,pending
E,E_Vta28,train,E:\VectorShift\data_cleaning\Synchronised V abd S datasets\Categorised IOVNB Dataset\Vta (Driver E)\Vta28\S-Vta28.csv,E:\VectorShift\data_cleaning\Synchronised V abd S datasets\Categorised IOVNB Dataset\Vta (Driver E)\Vta28\V-vta28.csv,30bece8d988e898902ad4e77d090ea33c80486222293104f78d42bd8611e03fa,4778fd71aeb0165a77de1f0abb3a3ecad5b756993e5ec64a24fc025b02c315d2,pending
E,E_Vta29,train,E:\VectorShift\data_cleaning\Synchronised V abd S datasets\Categorised IOVNB Dataset\Vta (Driver E)\Vta29\S-Vta29.csv,E:\VectorShift\data_cleaning\Synchronised V abd S datasets\Categorised IOVNB Dataset\Vta (Driver E)\Vta29\V-vta29.csv,dc24cf9cd6b8cce2553f283d5c042396d7a4df29b7094321a09585e65d996476,6c6fbb29e6400817be84ecf2370d98025cfff9debf2f2e73c3ddaa3a9560dd1d,pending
E,E_Vta3,train,E:\VectorShift\data_cleaning\Synchronised V abd S datasets\Categorised IOVNB Dataset\Vta (Driver E)\Vta03\S-Vta3.csv,E:\VectorShift\data_cleaning\Synchronised V abd S datasets\Categorised IOVNB Dataset\Vta (Driver E)\Vta03\V-vta3.csv,7c5479fc893131a8c4d75daf73c3b5ae25512a1e194a6ced50fa24633de0f215,ef8bf81fdf5df786006e5805dbe09c29c71447cd274991bf47371c28c0f3c19f,pending
E,E_Vta30,train,E:\VectorShift\data_cleaning\Synchronised V abd S datasets\Categorised IOVNB Dataset\Vta (Driver E)\Vta30\S-Vta30.csv,E:\VectorShift\data_cleaning\Synchronised V abd S datasets\Categorised IOVNB Dataset\Vta (Driver E)\Vta30\V-vta30.csv,d6f65e16288c2fd1150435bca4c2383e323d55935824a8ae21799a8563271ccb,d73b5ac746240670e9a420fa38bf910eacef4e7eb6a85e4c86c76abcae33fec1,pending
E,E_Vta4,train,E:\VectorShift\data_cleaning\Synchronised V abd S datasets\Categorised IOVNB Dataset\Vta (Driver E)\Vta04\S-Vta4.csv,E:\VectorShift\data_cleaning\Synchronised V abd S datasets\Categorised IOVNB Dataset\Vta (Driver E)\Vta04\V-vta4.csv,0d16cd6deaddf30a98461a546ce47621f4b57fa3fd902623765bad1dd83c0887,71acb4e5c50919df05f1f56a0192d392793e9b10e66bbf6a101b6314ee398c33,pending
E,E_Vta5,train,E:\VectorShift\data_cleaning\Synchronised V abd S datasets\Categorised IOVNB Dataset\Vta (Driver E)\Vta05\S-Vta5.csv,E:\VectorShift\data_cleaning\Synchronised V abd S datasets\Categorised IOVNB Dataset\Vta (Driver E)\Vta05\V-vta5.csv,b9030167541be560621a7aa9ef6a89710cb666ec47ad204f65cb1d96f7606fa0,6819d97f1291b377496982e51f5ba2178a083edaf8664b9258ead5e1151d33a2,pending
E,E_Vta6,train,E:\VectorShift\data_cleaning\Synchronised V abd S datasets\Categorised IOVNB Dataset\Vta (Driver E)\Vta06\S-Vta6.csv,E:\VectorShift\data_cleaning\Synchronised V abd S datasets\Categorised IOVNB Dataset\Vta (Driver E)\Vta06\V-vta6.csv,15ad54e093b7ff783a88db02952fe634ba5b640173c93462d28152f71dcfa8a5,728629ca2a30457e7909e79c6a50040a1337274b7ada2003b2863e62a40c547a,pending
E,E_Vta7,train,E:\VectorShift\data_cleaning\Synchronised V abd S datasets\Categorised IOVNB Dataset\Vta (Driver E)\Vta07\S-Vta7.csv,E:\VectorShift\data_cleaning\Synchronised V abd S datasets\Categorised IOVNB Dataset\Vta (Driver E)\Vta07\V-vta7.csv,eb6e66dbb3397aea7af0c93fe212e9ca0fc8310341083ce64652fe7842248acf,031765759d3336fa67fd8c6b98fdfb3a5786d284a5626734375ec61fe8f63e4d,pending
E,E_Vta8,train,E:\VectorShift\data_cleaning\Synchronised V abd S datasets\Categorised IOVNB Dataset\Vta (Driver E)\Vta08\S-Vta8.csv,E:\VectorShift\data_cleaning\Synchronised V abd S datasets\Categorised IOVNB Dataset\Vta (Driver E)\Vta08\V-vta8.csv,cc1b57b0b539f1e756662c49ff4c4925d66e44396ad283e4d5fa472024675dec,93cef7816fb58c250c87bfa3dc02bce8a3a3c211ba08ee72b4a9d4dddf00d481,pending
E,E_Vta9,train,E:\VectorShift\data_cleaning\Synchronised V abd S datasets\Categorised IOVNB Dataset\Vta (Driver E)\Vta09\S-Vta9.csv,E:\VectorShift\data_cleaning\Synchronised V abd S datasets\Categorised IOVNB Dataset\Vta (Driver E)\Vta09\V-vta9.csv,150b73335a4283e2aba5aa8c5320d32271bf20546005e7f5f60918d8381f5475,4f662af06a2ab067efc4741a2b39f478f59e802f763b7bce5d376f420d9de63b,pending
E,E_Vtb1,train,E:\VectorShift\data_cleaning\Synchronised V abd S datasets\Categorised IOVNB Dataset\Vtb (Driver E)\Vtb01\S-Vtb1.csv,E:\VectorShift\data_cleaning\Synchronised V abd S datasets\Categorised IOVNB Dataset\Vtb (Driver E)\Vtb01\V-vtb1.csv,7bdca3360c9411c58fdc41e4366fc79f336b087fd89c6d295976504c5e559e64,8ab039c67c83f62ed1abad0e74c1a92886584e16a67951771fcf9d55cf3d999a,pending
E,E_Vtb10,train,E:\VectorShift\data_cleaning\Synchronised V abd S datasets\Categorised IOVNB Dataset\Vtb (Driver E)\Vtb10\S-Vtb10.csv,E:\VectorShift\data_cleaning\Synchronised V abd S datasets\Categorised IOVNB Dataset\Vtb (Driver E)\Vtb10\V-vtb10.csv,b81e128fd1594a0730f36d285c1c447d17a370e6637616e4017b44ff3c714742,5b0fe6e9f967fe9e9615defbf3674f9e8843747b6658867e8fee452e17a58d88,pending
E,E_Vtb11,train,E:\VectorShift\data_cleaning\Synchronised V abd S datasets\Categorised IOVNB Dataset\Vtb (Driver E)\Vtb11\S-Vtb11.csv,E:\VectorShift\data_cleaning\Synchronised V abd S datasets\Categorised IOVNB Dataset\Vtb (Driver E)\Vtb11\V-vtb11.csv,cd3ec5fb7285089c5e37e8f42e7e899875839b7911ebec77751d8b1a01d90510,e611eb46d62fb695e3b4e64943a50102a770d818b6e0f5a93b021d8eb2d13c71,pending
E,E_Vtb12,train,E:\VectorShift\data_cleaning\Synchronised V abd S datasets\Categorised IOVNB Dataset\Vtb (Driver E)\Vtb12\S-Vtb12.csv,E:\VectorShift\data_cleaning\Synchronised V abd S datasets\Categorised IOVNB Dataset\Vtb (Driver E)\Vtb12\V-vtb12.csv,00e8dc12482919e0cfc43218275390f295c3f3b75e34ebeef0ade8b4809a3f5a,dad39fa7ff152dc13ab8e7d903047bcfdb7882c8fe03b7c0f8f12eef07cbc115,pending
E,E_Vtb2,train,E:\VectorShift\data_cleaning\Synchronised V abd S datasets\Categorised IOVNB Dataset\Vtb (Driver E)\Vtb02\S-Vtb2.csv,E:\VectorShift\data_cleaning\Synchronised V abd S datasets\Categorised IOVNB Dataset\Vtb (Driver E)\Vtb02\V-vtb2.csv,6552ab344fe50a0163f980f3d852fef80ac8520530985902206eb7d15b44cfb1,4a194e6885091663a1df0f3572f8f42118bca278e39680912ce1aa3d4995ee83,pending
E,E_Vtb3,train,E:\VectorShift\data_cleaning\Synchronised V abd S datasets\Categorised IOVNB Dataset\Vtb (Driver E)\Vtb03\S-Vtb3.csv,E:\VectorShift\data_cleaning\Synchronised V abd S datasets\Categorised IOVNB Dataset\Vtb (Driver E)\Vtb03\V-vtb3.csv,7cadb0617ec69513de0ee718c707acc72cdb76261ec0ab33e629d8354cbaf883,17e9cc28a2a6b29038bb969725a96d8f46d514694d7b57686fa4ff0e2118577d,pending
E,E_Vtb4,train,E:\VectorShift\data_cleaning\Synchronised V abd S datasets\Categorised IOVNB Dataset\Vtb (Driver E)\Vtb04\S-Vtb4.csv,E:\VectorShift\data_cleaning\Synchronised V abd S datasets\Categorised IOVNB Dataset\Vtb (Driver E)\Vtb04\V-vtb4.csv,cdc2626adc124083a440cefb8a5ed0299e4c5e25aa4a5612316fb3dc784708c4,b5aac0532f3eb63843807d10c6130b6c0b39f94c844acd3027ddb2f200b0be6b,pending
E,E_Vtb5,train,E:\VectorShift\data_cleaning\Synchronised V abd S datasets\Categorised IOVNB Dataset\Vtb (Driver E)\Vtb05\S-Vtb5.csv,E:\VectorShift\data_cleaning\Synchronised V abd S datasets\Categorised IOVNB Dataset\Vtb (Driver E)\Vtb05\V-vtb5.csv,4753710832962b5ce8452cf62e314f81744a51dfa166f57f4dd7f678d4a199e8,a4aac15f70c4555ee69c2898b1254d25a815afa56cdb3e93f592819475272000,pending
E,E_Vtb6,train,E:\VectorShift\data_cleaning\Synchronised V abd S datasets\Categorised IOVNB Dataset\Vtb (Driver E)\Vtb06\S-Vtb6.csv,E:\VectorShift\data_cleaning\Synchronised V abd S datasets\Categorised IOVNB Dataset\Vtb (Driver E)\Vtb06\V-vtb6.csv,8ab4e1f0373173eb17f93426a6a2de2c1f01080fbc915c56443308256da28baa,3f55326e614a377761a52e9ef1bc09e23653f0d37029679f4c171cacf364cfa3,pending
E,E_Vtb7,train,E:\VectorShift\data_cleaning\Synchronised V abd S datasets\Categorised IOVNB Dataset\Vtb (Driver E)\Vtb07\S-Vtb7.csv,E:\VectorShift\data_cleaning\Synchronised V abd S datasets\Categorised IOVNB Dataset\Vtb (Driver E)\Vtb07\V-vtb7.csv,b798d898dc371334ce8627ed416fcbfc423852b204993bdfe884a2dc11b56696,d2a5d2206394b29e775ffa7a240d49770c49168a898d78e0f87e8426dc6f2f32,pending
E,E_Vtb8,train,E:\VectorShift\data_cleaning\Synchronised V abd S datasets\Categorised IOVNB Dataset\Vtb (Driver E)\Vtb08\S-Vtb8.csv,E:\VectorShift\data_cleaning\Synchronised V abd S datasets\Categorised IOVNB Dataset\Vtb (Driver E)\Vtb08\V-vtb8.csv,cdd40e3a04fe2f39eddf8dbaac68db124e0a1d858e70d08992ebc81708701e16,0f11eea4a2c183a7bae05c0cc6f795d4344c2bbf621010129de8584747db93b2,pending
E,E_Vtb9,train,E:\VectorShift\data_cleaning\Synchronised V abd S datasets\Categorised IOVNB Dataset\Vtb (Driver E)\Vtb09\S-Vtb9.csv,E:\VectorShift\data_cleaning\Synchronised V abd S datasets\Categorised IOVNB Dataset\Vtb (Driver E)\Vtb09\V-vtb9.csv,0a9dcbe6816e28e6c663f1b90668d37e024f314ee9bc91a674d49eb28b7fb01c,ce69ae88e13086a35f6c21ed468959f79084a8e833e60ef886c303ce76297318,pending
E,E_Vw1,train,E:\VectorShift\data_cleaning\Synchronised V abd S datasets\Categorised IOVNB Dataset\Vw (Driver E)\Vw01\S-Vw1.csv,E:\VectorShift\data_cleaning\Synchronised V abd S datasets\Categorised IOVNB Dataset\Vw (Driver E)\Vw01\V-Vw1.csv,41fb71ae3223748b2c0513d5b58338f92f25c85a5dd4e2816a932b263cf5f05b,125a3ab348bca6b5d9fb2d52b7ba1f27d4a31f03b7b60b16ef778f7935bb4380,pending
E,E_Vw10,train,E:\VectorShift\data_cleaning\Synchronised V abd S datasets\Categorised IOVNB Dataset\Vw (Driver E)\Vw10\S-Vw10.csv,E:\VectorShift\data_cleaning\Synchronised V abd S datasets\Categorised IOVNB Dataset\Vw (Driver E)\Vw10\V-Vw10.csv,b2aa8e3d7bae40e9f17cd20fe4c80d79f34b012a07e3b8aeb0eedf5ed42b7790,acec110be8eb7ef43784d195d1bd55e44ac13833ab258b8d7ab696e18ac6b5bd,pending
E,E_Vw11,train,E:\VectorShift\data_cleaning\Synchronised V abd S datasets\Categorised IOVNB Dataset\Vw (Driver E)\Vw11\S-Vw11.csv,E:\VectorShift\data_cleaning\Synchronised V abd S datasets\Categorised IOVNB Dataset\Vw (Driver E)\Vw11\V-Vw11.csv,b9dd70fc7282ba469fdf8835062286bb3cb53bbf4f6d3d2dff4d71c5b597a5c1,5e50658cbdd33fc9dfc0dd462a68996ab31cd6b584b67e6713d4f3d3bf04d455,pending
E,E_Vw12,train,E:\VectorShift\data_cleaning\Synchronised V abd S datasets\Categorised IOVNB Dataset\Vw (Driver E)\Vw12\S-Vw12.csv,E:\VectorShift\data_cleaning\Synchronised V abd S datasets\Categorised IOVNB Dataset\Vw (Driver E)\Vw12\V-Vw12.csv,e5598004be4250cba1361d3b7fea8cb45526ce6e8b8efb7466c5a03a2e6fd57e,f474667235581e514d44f371cc81039aacc6c0604669f552f127bdb8c60e370b,pending
E,E_Vw13,train,E:\VectorShift\data_cleaning\Synchronised V abd S datasets\Categorised IOVNB Dataset\Vw (Driver E)\Vw13\S-Vw13.csv,E:\VectorShift\data_cleaning\Synchronised V abd S datasets\Categorised IOVNB Dataset\Vw (Driver E)\Vw13\V-Vw13.csv,8dbdb8d7c3c0790c66dc33bfffd3eb98d59010f849ef15bdf7097b67f23b8733,2b5e7012d2fce26807d48ce46effd70d217574516c6fb77467beffde7f97e767,pending
E,E_Vw14a,train,E:\VectorShift\data_cleaning\Synchronised V abd S datasets\Categorised IOVNB Dataset\Vw (Driver E)\Vw14a\S-Vw14a.csv,E:\VectorShift\data_cleaning\Synchronised V abd S datasets\Categorised IOVNB Dataset\Vw (Driver E)\Vw14a\V-Vw14a.csv,de5b5da05baa7bedd0d9fa66c6faa908823ab731849c1dad0156d400252e4646,442bef4ccc4464f0a0a31a332ea9c71e5e14baf7b50080c647e6fa6f7ddb5dbf,pending
E,E_Vw14b,train,E:\VectorShift\data_cleaning\Synchronised V abd S datasets\Categorised IOVNB Dataset\Vw (Driver E)\Vw14b\S-Vw14b.csv,E:\VectorShift\data_cleaning\Synchronised V abd S datasets\Categorised IOVNB Dataset\Vw (Driver E)\Vw14b\V-Vw14b.csv,5f13f8ede6117bb26ea26f977f19282415dc4064368b6ad3a502c8d3c1150b3f,ee81d26af18170ab6473f2f51bc6f8221be5b7fb233829c537d680b4ba2fa199,pending
E,E_Vw14c,train,E:\VectorShift\data_cleaning\Synchronised V abd S datasets\Categorised IOVNB Dataset\Vw (Driver E)\Vw14c\S-Vw14c.csv,E:\VectorShift\data_cleaning\Synchronised V abd S datasets\Categorised IOVNB Dataset\Vw (Driver E)\Vw14c\V-Vw14c.csv,ce97c12ec0c9cff740dfe3a18e17aa0be0b8b7ec43bc53daa01b357dd6bf11d7,1b3b6d1e2e4d7c89cbe66f7888534cee2d13bf1287d52432a995b7cad8a82c7f,pending
E,E_Vw15,train,E:\VectorShift\data_cleaning\Synchronised V abd S datasets\Categorised IOVNB Dataset\Vw (Driver E)\Vw15\S-Vw15.csv,E:\VectorShift\data_cleaning\Synchronised V abd S datasets\Categorised IOVNB Dataset\Vw (Driver E)\Vw15\V-Vw15.csv,7e440cc28168a538f694c07d24b374c75af7cce13cb108e342f5eb2ef5633728,bd65ae3932fc1b6ec64d0347c34bfa66bf3ff8ef276f8aff31c546e0bac2684f,pending
E,E_Vw16a,train,E:\VectorShift\data_cleaning\Synchronised V abd S datasets\Categorised IOVNB Dataset\Vw (Driver E)\Vw16a\S-Vw16a.csv,E:\VectorShift\data_cleaning\Synchronised V abd S datasets\Categorised IOVNB Dataset\Vw (Driver E)\Vw16a\V-Vw16a.csv,1b25f604e07545448be54970cd480b23bc7a37814118d6b86dad10ff29ba8d0f,0b92aa13c01d1436e10a3b3272a8649e6639630f72d3e2b3c618ae2957a97989,pending
E,E_Vw16b,train,E:\VectorShift\data_cleaning\Synchronised V abd S datasets\Categorised IOVNB Dataset\Vw (Driver E)\Vw16b\S-Vw16b.csv,E:\VectorShift\data_cleaning\Synchronised V abd S datasets\Categorised IOVNB Dataset\Vw (Driver E)\Vw16b\V-Vw16b.csv,817fd5f786beebb804b39e00c0da1a541e37074b7dcb843fdb43ea94dbefa190,1e81b217eaf6c2340aafbbc122ad738d876013366737437155a4e722eb6fd8ed,pending
E,E_Vw17,train,E:\VectorShift\data_cleaning\Synchronised V abd S datasets\Categorised IOVNB Dataset\Vw (Driver E)\Vw17\S-Vw17.csv,E:\VectorShift\data_cleaning\Synchronised V abd S datasets\Categorised IOVNB Dataset\Vw (Driver E)\Vw17\V-Vw17.csv,cc55c4ce1a945a78ccfa71d3f3e290a30145f88610d1e6cbc541cb1c48cd6ce4,62ab9ddd16621eb70afaeec7237ae7b31499ae5df9e9d57324fc07fe648a48ee,pending
E,E_Vw2,train,E:\VectorShift\data_cleaning\Synchronised V abd S datasets\Categorised IOVNB Dataset\Vw (Driver E)\Vw02\S-Vw2.csv,E:\VectorShift\data_cleaning\Synchronised V abd S datasets\Categorised IOVNB Dataset\Vw (Driver E)\Vw02\V-Vw2.csv,c153268bf5f53e173934f50084c598d0c29ba93aad4a3b50b14a314d5402dbab,6aeca8956af02a64051042fa4b807e858691ea36b0c5a6642f78a33d5af113db,pending
E,E_Vw3,train,E:\VectorShift\data_cleaning\Synchronised V abd S datasets\Categorised IOVNB Dataset\Vw (Driver E)\Vw03\S-Vw3.csv,E:\VectorShift\data_cleaning\Synchronised V abd S datasets\Categorised IOVNB Dataset\Vw (Driver E)\Vw03\V-Vw3.csv,6fa0f3d88a6c7c80cf7adf82b9e969d2de489e799b4f9a604758c8ce479ce7a3,b89ca7c566b668ab0f4c16eda1343f9e0527a31bf6c603212e146ba84928dd6f,pending
E,E_Vw4,train,E:\VectorShift\data_cleaning\Synchronised V abd S datasets\Categorised IOVNB Dataset\Vw (Driver E)\Vw04\S-Vw4.csv,E:\VectorShift\data_cleaning\Synchronised V abd S datasets\Categorised IOVNB Dataset\Vw (Driver E)\Vw04\V-Vw4.csv,0d79ef3cd96f48b611e5da7dd14f4cb6ed0f1f747d247d26847918545440b9d3,db9ba7d930842b5f15543c71c1b350f52bef0fe0c27653279d3c35cffb331556,pending
E,E_Vw5,train,E:\VectorShift\data_cleaning\Synchronised V abd S datasets\Categorised IOVNB Dataset\Vw (Driver E)\Vw05\S-Vw5.csv,E:\VectorShift\data_cleaning\Synchronised V abd S datasets\Categorised IOVNB Dataset\Vw (Driver E)\Vw05\V-Vw5.csv,0750e1ddccb84440e4984f308872a2ff20c64019b64e27815d79496a7e6dbce6,a9972e12e8ea995a1387b768f625d1cf85444916bff03d0b50d2b133ee97116f,pending
E,E_Vw6,train,E:\VectorShift\data_cleaning\Synchronised V abd S datasets\Categorised IOVNB Dataset\Vw (Driver E)\Vw06\S-Vw6.csv,E:\VectorShift\data_cleaning\Synchronised V abd S datasets\Categorised IOVNB Dataset\Vw (Driver E)\Vw06\V-Vw6.csv,9543a52492106a1ee4ad815f5a2f183e2f7142979f4edb2ae34755d0c4b3a087,2399eafd439216c38749ebc2b2751251f22dd4e3c46b7bce8c42d23b50e485cb,pending
E,E_Vw7,train,E:\VectorShift\data_cleaning\Synchronised V abd S datasets\Categorised IOVNB Dataset\Vw (Driver E)\Vw07\S-Vw7.csv,E:\VectorShift\data_cleaning\Synchronised V abd S datasets\Categorised IOVNB Dataset\Vw (Driver E)\Vw07\V-Vw7.csv,953176680614bf889a938ee4cc940227d820206a2f58942f8a5ff74ada4e7b2f,3ba9d21d1532b4e15dc41ed9e4baa996e1ccf7b447f2fc41ee44564a5dd1f5ef,pending
E,E_Vw8,train,E:\VectorShift\data_cleaning\Synchronised V abd S datasets\Categorised IOVNB Dataset\Vw (Driver E)\Vw08\S-Vw8.csv,E:\VectorShift\data_cleaning\Synchronised V abd S datasets\Categorised IOVNB Dataset\Vw (Driver E)\Vw08\V-Vw8.csv,f1321e689b66128e7b116b9aedb0e8e5304f9566781f8111c4d1f4a933c543a2,0b08f02c7568c47b79ae137f9811b6bead3d1550e60a0be496f7430b0fbb49de,pending
E,E_Vw9,train,E:\VectorShift\data_cleaning\Synchronised V abd S datasets\Categorised IOVNB Dataset\Vw (Driver E)\Vw09\S-Vw9.csv,E:\VectorShift\data_cleaning\Synchronised V abd S datasets\Categorised IOVNB Dataset\Vw (Driver E)\Vw09\V-Vw9.csv,40d96f99b100518c0f2dbe6bf9dbfc94b89e25c865b3d1e6b795d132127d917c,ec3f3b288fe0793b17db003d0b9e1f6a0d6ec594b017ac2251a438df4743dfe7,pending
B,B_M,val,E:\VectorShift\data_cleaning\Synchronised V abd S datasets\Categorised IOVNB Dataset\M (Driver B)\S-M.csv,E:\VectorShift\data_cleaning\Synchronised V abd S datasets\Categorised IOVNB Dataset\M (Driver B)\V-M.csv,26a1ee080da4db98e175e15d6fec631e6f8c285c13817d9d74ecc90ed280d103,ecf977cb798082d59ad1b03ce5631a61dbf525dfe484eb005ca630b5e95b86af,pending
